{"cameraMode":{"drawMode":0,"name":"Shaded","section":"Shading Mode"},"sceneLighting":false,"audioPlay":false,"sceneViewState":{"m_AlwaysRefresh":false,"showFog":true,"showSkybox":false,"showFlares":true,"showImageEffects":true,"showParticleSystems":true,"showVisualEffectGraphs":true,"m_FxEnabled":true},"in2DMode":false,"pivot":{"x":0.1893424391746521,"y":0.9712120294570923,"z":0.08606157451868057},"rotation":{"x":-0.25296926498413088,"y":0.14188580214977265,"z":-0.03753304481506348,"w":-0.9562841653823853},"size":1.1257084608078004,"orthographic":false}