{"cameraMode":{"drawMode":0,"name":"Shaded","section":"Shading Mode"},"sceneLighting":false,"audioPlay":false,"sceneViewState":{"m_AlwaysRefresh":false,"showFog":true,"showSkybox":false,"showFlares":true,"showImageEffects":true,"showParticleSystems":true,"showVisualEffectGraphs":true,"m_FxEnabled":true},"in2DMode":false,"pivot":{"x":1.1624690294265748,"y":1.6458280086517335,"z":57.74509048461914},"rotation":{"x":-0.06752873957157135,"y":0.43239498138427737,"z":-0.03249383717775345,"w":-0.8985705971717835},"size":3.603383779525757,"orthographic":false}